Order,Family,Genus,Scientific Name,Common Name,Maximum Total Length (cm),Body Depth (% TL),Body Shape,Aspect Ratio,Caudal Peduncle Throttling,Pectoral Fin Vertical Position,Pectoral Fin Size,Vertical Eye Position,Eye Size (%HL),Reference: MTL,Reference: BD,Reference: BS,Reference: AR,Reference: CPT,Reference: PFVP,Reference: PFS,Reference: VEP,Reference: ES
Acipenseriformes,Acipenseridae,Acipenser,Acipenser fulvescens,Lake Sturgeon,274,12.56,elongated,2.342163121,4.662817,0,0.1572513,0.429329131,7.58,FishBase,DB using photo from FishBase (n=1),FishBase,DB using photo from FishBase (n=1),FishMorph,FishMorph,FishMorph,FishMorph,DB using photo from FishBase (n=1)
Acipenseriformes,Acipenseridae,Acipenser,Acipenser oxyrinchus,Atlantic Sturgeon,403,10.75,elongated,1.241632653,5.149833,0,NA,0.265423929,12.7,FishBase,DB using photo from FishBase (n=1),DB,DB using photo from FishBase (n=1),FishMorph,FishMorph,FishMorph,FishMorph,DB using photo from FishBase (n=1)
Cypriniformes,Cyprinidae,Alburnus,Alburnus alburnus,Bleak,25,19.8,fusiform,1.58908,1.942322,0.2766026,0.1521917,0.559971056,24.95,FishBase,FishBase (n=2),DB,FishBase (n=2),FishMorph,FishMorph,FishMorph,FishMorph,FishBase (n=2)
Clupeiformes,Clupeidae,Alosa,Alosa aestivalis,Blueback Herring,47.12,22.3,fusiform,2.89563,2.618602,0.2311674,0.1500298,0.624851795,20.5,FishBase (Converted SL to TL using equation on FishBase),FishBase (n=1),FishBase,FishBase (n=1),FishMorph,FishMorph,FishMorph,FishMorph,FishBase (n=1)
Clupeiformes,Clupeidae,Alosa,Alosa chrysochloris,Skipjack herring,59.85,22.6,fusiform,3.36921,2.570927,0.1881404,0.1465985,0.652789513,19.2,FishBase (Converted SL to TL using equation on FishBase),FishBase (n=1),DB,FishBase (n=1),FishMorph,FishMorph,FishMorph,FishMorph,FishBase (n=1)
Clupeiformes,Clupeidae,Alosa,Alosa pseudoharengus,Alewife,51.28,25.03,fusiform,1.83146,2.666675,0.1997911,0.1275128,0.608067173,27.9,FishBase (Converted SL to TL using equation on FishBase),FishBase (n=3),FishBase,FishBase (n=3),FishMorph,FishMorph,FishMorph,FishMorph,FishBase (n=2)
Clupeiformes,Clupeidae,Alosa,Alosa sapidissima,American Shad,76,25.1,fusiform,2.30287,3.793901,0.1813679,0.1630295,0.552868003,26.2,FishBase,FishBase (n=1),FishBase,FishBase (n=1),FishMorph,FishMorph,FishMorph,FishMorph,FishBase (n=1)
Perciformes,Centrarchidae,Ambloplites,Ambloplites rupestris,Rock Bass,43,33.3,short/deep,1.04705,2.313312,0.3422356,0.1966284,0.524442688,26.4,FishBase,FishBase (n=1),FishBase,FishBase (n=1),FishMorph,FishMorph,FishMorph,FishMorph,FishBase (n=1)
Siluriformes,Ictaluridae,Ameiurus,Ameiurus catus,White Catfish,95,18.7,elongated,1.105,2.376083,0.2738726,0.1777031,0.510909129,14.3,FishBase,FishBase (n=1),DB,FishBase (n=1),FishMorph,FishMorph,FishMorph,FishMorph,FishBase (n=1)
Siluriformes,Ictaluridae,Ameiurus,Ameiurus melas,Black Bullhead,66,28.5,elongated,1.279,2.2136,0.3894973,0.1571553,0.48507337,14,FishBase,FishBase (n=1),DB,FishBase (n=1),FishMorph,FishMorph,FishMorph,FishMorph,FishBase (n=1)
Siluriformes,Ictaluridae,Ameiurus,Ameiurus natalis,Yellow Bullhead,60,15.9,elongated,0.868,1.885353,0.3009347,0.1612647,0.685748816,8,FishBase,FishBase (n=1),DB,FishBase (n=1),FishMorph,FishMorph,FishMorph,FishMorph,FishBase (n=1)
Siluriformes,Ictaluridae,Ameiurus,Ameiurus nebulosus,Brown Bullhead,55,19.6,elongated,1.503,1.839311,0.347816,0.1532494,0.463754674,11.9,FishBase,FishBase (n=2),DB,FishBase (n=2),FishMorph,FishMorph,FishMorph,FishMorph,FishBase (n=2)
Amiiformes,Amiidae,Amia,Amia calva,Bowfin ,109,19.45,elongated,0.973,1.364757,0.2034319,0.566364057,0.566364057,15.7,FishBase,FishBase (n=2),DB,FishBase (n=2),FishMorph,FishMorph,FishMorph,FishMorph,FishBase (n=2)
Perciformes,Percidae,Ammocrypta,Ammocrypta clara,Western Sand Darter,7.1,9.8,elongated,NA,1.933788,0.4254667,0.1473782,0.425466729,28.6,FishBase,DB using photo from FishBase (n=1),DB,NA,FishMorph,FishMorph,FishMorph,FishMorph,DB using photo from FishBase (n=1)
Perciformes,Percidae,Ammocrypta,Ammocrypta pellucida,Eastern Sand Darter,8.4,11.9,elongated,NA,0.9501,0.4861252,0.2045024,0.679314721,18.6,FishBase,DB using photo from FishBase (n=1),DB,NA,FishMorph,FishMorph,FishMorph,FishMorph,DB using photo from FishBase (n=1)
Anguilliformes,Anguillidae,Anguilla,Anguilla rostrata,American Eel,152,6.8,eel-like,NA,NA,NA,NA,0.511278195,7.2,FishBase,FishBase (n=1),FishBase,NA,NA,NA,NA,DB using photo provided by TP (n=1),FishBase (n=1)
Gasterosteiformes,Gasterosteidae,Apeltes,Apeltes quadracus,Fourspine Stickleback,6.4,17.9,fusiform,1.34716,6.886308,0.5343943,0.1479389,0.509048711,29.5,FishBase,FishBase (n=1),DB,FishBase (n=1),FishMorph,FishMorph,FishMorph,FishMorph,FishBase (n=1)
Percopsiformes,Aphredoderidae,Aphredoderus,Aphredoderus sayanus,Pirate Perch,14,31.5,fusiform,1.06535,2.404762,0.4096443,0.1795612,0.581351168,20.2,FishBase,FishBase (n=1),DB,FishBase (n=1),FishMorph,FishMorph,FishMorph,FishMorph,FishBase (n=1)
Acanthuriformes,Sciaenidae,Aplodinotus,Aplodinotus grunniens,Freshwater Drum,95,26.9,fusiform,1.0344,2.734043,0.4109937,0.2233932,0.437381228,29.7,FishBase,FishBase (n=1),DB,FishBase (n=1),FishMorph,FishMorph,FishMorph,FishMorph,FishBase (n=1)
Atheriniformes,Atherinidae,Atherina,Atherina boyeri,Big-scale Sand Smelt,20,16.5,elongated,1.19972,3.428571,0.7254721,0.1773881,0.725472123,43.9,FishBase,FishBase (n=1),FishBase,FishBase (n=1),FishMorph,FishMorph,FishMorph,FishMorph,FishBase (n=1)
Gobiiformes,Gobiidae,Babka,Babka gymnotrachelus,Racer Goby,16.2,14.8,elongated,0.521077,1.856119,0.7231503,0.2434887,0.87608807,16.7,FishBase,FishBase (n=1),DB,FishBase (n=1),FishMorph,FishMorph,FishMorph,FishMorph,FishBase (n=1)
Gobiiformes,Gobiidae,Benthophilus,Benthophilus stellatus,Starry Goby,6.5,23.85,elongated,1.080225,1.872340426,0.440366972,0.2,0.669724771,29.2,FishBase,FishBase (n=2),FishBase,FishBase (n=2),DB using photo from FishBase (n=1),DB using photo from FishBase (n=1),DB using photo from FishBase (n=1),DB using photo from FishBase (n=1),FishBase (n=2)
Cypriniformes,Leuciscidae,Campostoma,Campostoma anomalum,Central Stoneroller,22,22.2,fusiform,2.11111,2.452906,0.2295423,0.153619,0.540899385,12.4,FishBase,FishBase (n=1),DB,FishBase (n=1),FishMorph,FishMorph,FishMorph,FishMorph,FishBase (n=1)
Cypriniformes,Leuciscidae,Campostoma,Campostoma oligolepis,Largescale Stoneroller,22,20,fusiform,0.883368,2.269096,0.1887432,0.1294095,0.433969409,18.6,FishBase,FishBase (n=1),DB,FishBase (n=1),FishMorph,FishMorph,FishMorph,FishMorph,FishBase (n=1)
Cypriniformes,Cyprinidae,Carassius,Carassius auratus,Goldfish,48,26.27,fusiform,1.94735,2.28285,0.210318,0.1805066,0.438711954,24.87,FishBase,FishBase (n=3),FishBase,FishBase (n=3),FishMorph,FishMorph,FishMorph,FishMorph,FishBase (n=3)
Cypriniformes,Cyprinidae,Carassius,Carassius carassius,Crucian Carp,64,35.15,fusiform,1.15376,1.701819,0.270875,0.1823613,0.524307878,19.95,FishBase,FishBase (n=2),FishBase,FishBase (n=2),FishMorph,FishMorph,FishMorph,FishMorph,FishBase (n=2)
Cypriniformes,Catostomidae,Carpiodes,Carpiodes cyprinus,Quillback,66,27.5,fusiform,2.2835,2.748488,0.09278815,0.1917334,0.438339662,21.6,FishBase,FishBase (n=1),DB,FishBase (n=1),FishMorph,FishMorph,FishMorph,FishMorph,FishBase (n=1)
Cypriniformes,Catostomidae,Catostomus,Catostomus catostomus,Longnose Sucker,64,14.9,elongated,1.221,2.322806,0.2185866,0.1137682,0.484823034,13.8,FishBase,FishBase (n=1),DB,FishBase (n=1),FishMorph,FishMorph,FishMorph,FishMorph,FishBase (n=1)
Cypriniformes,Catostomidae,Catostomus,Catostomus commersonii,White Sucker,65,18,elongated,1.591,2.546542,0.1712478,0.1869124,0.500010462,21.4,FishBase,FishBase (n=1),DB,FishBase (n=1),FishMorph,FishMorph,FishMorph,FishMorph,FishBase (n=1)
Anabantiformes,Channidae,Channa,Channa argus,Northern Snakehead,100,12.7,elongated,1.0941,2.268155,0.4075703,0.1104603,0.43519375,12.4,FishBase,FishBase (n=1),DB,FishBase (n=1),FishMorph,FishMorph,FishMorph,FishMorph,FishBase (n=1)
Cypriniformes,Leuciscidae,Chrosomus,Chrosomus eos,Northern Redbelly Dace,8,16.7,fusiform,1.14853,1.945501,0.3170758,0.1785445,0.563387869,27.2,FishBase,FishBase (n=1),DB,FishBase (n=1),FishMorph,FishMorph,FishMorph,FishMorph,FishBase (n=1)
Cypriniformes,Leuciscidae,Chrosomus,Chrosomus erythrogaster,Southern Redbelly Dace,9.1,21.7,fusiform,3.09883,2.313126,0.2286143,0.1640363,0.5051697,25.8,FishBase,FishBase (n=1),DB,FishBase (n=1),FishMorph,FishMorph,FishMorph,FishMorph,FishBase (n=1)
Cypriniformes,Leuciscidae,Chrosomus,Chrosomus neogaeus,Finescale Dace,11,20.5,fusiform,1.153,2.180951,0.2472318,0.1734265,0.537223127,28,FishBase,FishBase (n=1),DB,FishBase (n=1),FishMorph,FishMorph,FishMorph,FishMorph,FishBase (n=1)
Cypriniformes,Leuciscidae,Clinostomus,Clinostomus elongatus,Redside Dace,12,16.4,fusiform,0.961269,2.25,0.192077,0.1735683,0.500070509,27,FishBase,FishBase (n=1),DB,FishBase (n=1),FishMorph,FishMorph,FishMorph,FishMorph,FishBase (n=1)
Clupeiformes,Clupeidae,Clupeonella,Clupeonella cultriventris,Sea Sprat,14.5,18.6,fusiform,2.27129,2.599453,0.2745195,0.1491564,0.686288009,15.1,FishBase,FishBase (n=1),FishBase,FishBase (n=1),FishMorph,FishMorph,FishMorph,FishMorph,FishBase (n=1)
Salmoniformes,Salmonidae,Coregonus,Coregonus artedi,Lake Herring,57,20.1,fusiform,2.73001,3.84892,0.2898195,0.1365519,0.522303463,21.1,FishBase,FishBase (n=1),DB,FishBase (n=1),FishMorph,FishMorph,FishMorph,FishMorph,FishBase (n=1)
Salmoniformes,Salmonidae,Coregonus,Coregonus clupeaformis,Lake Whitefish,100,21.7,fusiform,1.80184,2.60585,0.2623742,0.197423,0.524754826,21.2,FishBase,FishBase (n=1),FishBase,FishBase (n=1),FishMorph,FishMorph,FishMorph,FishMorph,FishBase (n=1)
Salmoniformes,Salmonidae,Coregonus,Coregonus hoyi,Bloater,37,20.5,fusiform,5.41623,2.96674,0.3162611,0.1564314,0.635549764,30.7,FishBase,FishBase (n=1),DB,FishBase (n=1),FishMorph,FishMorph,FishMorph,FishMorph,FishBase (n=1)
Salmoniformes,Salmonidae,Coregonus,Coregonus kiyi,Kiyi,35,19.8,fusiform,1.56061,3.193548,0.3214296,0.1849361,0.651057111,30.6,FishBase,FishBase (n=1),FishBase,FishBase (n=1),FishMorph,FishMorph,FishMorph,FishMorph,FishBase (n=1)
Salmoniformes,Salmonidae,Coregonus,Coregonus nigripinnis,Blackfin Cisco,39,23.1,fusiform,3.85951,4.315868,0.2622446,0.1788828,0.559089363,24.8,FishBase,FishBase (n=1),FishBase,FishBase (n=1),FishMorph,FishMorph,FishMorph,FishMorph,FishBase (n=1)
Salmoniformes,Salmonidae,Coregonus,Coregonus reighardi,Shortnose Cisco,36,22.9,fusiform,NA,4.313672,0.3194538,0.1442434,0.616641759,25.9,FishBase,DB using photo from FishBase (n=1),FishBase, (tail not in good condition),FishMorph,FishMorph,FishMorph,FishMorph,DB using photo from FishBase (n=1)
Salmoniformes,Salmonidae,Coregonus,Coregonus zenithicus,Shortjaw Cisco,40,22.1,fusiform,2.93415,3.115711,0.275373,0.1240215,0.576071966,27,FishBase,FishBase (n=1),DB,FishBase (n=1),FishMorph,FishMorph,FishMorph,FishMorph,FishBase (n=1)
Scorpaeniformes,Cottidae,Cottus,Cottus bairdii,Mottled Sculpin,15,18,elongated,1.18233,2.676038,0.7518719,0.2987454,0.75187192,27.3,FishBase,FishBase (n=1),DB,FishBase (n=1),FishMorph,FishMorph,FishMorph,FishMorph,FishBase (n=1)
Scorpaeniformes,Cottidae,Cottus,Cottus cognatus,Slimy Sculpin,12.1,14.1,elongated,0.89001,1.885733,0.6147836,0.2951939,0.647497918,20.3,FishBase,FishBase (n=1),FishBase,FishBase (n=1),FishMorph,FishMorph,FishMorph,FishMorph,FishBase (n=1)
Scorpaeniformes,Cottidae,Cottus,Cottus gobio,Bullhead (cottus gobio),18,17.85,fusiform,1.21842,2.699278,0.4973345,0.2298323,0.702836958,13.15,FishBase,FishBase (n=2),FishBase,FishBase (n=2),FishMorph,FishMorph,FishMorph,FishMorph,FishBase (n=2)
Scorpaeniformes,Cottidae,Cottus,Cottus ricei,Spoonhead Sculpin,13.4,15.3,elongated,0.899055,3.382374,0.6291683,0.2226397,0.826276596,15.9,FishBase,FishBase (n=1),DB,FishBase (n=1),FishMorph,FishMorph,FishMorph,FishMorph,FishBase (n=1)
Cypriniformes,Leuciscidae,Couesius,Couesius plumbeus,Lake Chub,23,18,fusiform,1.2788,2.749895,0.2208398,0.181659,0.468754427,25.2,FishBase,FishBase (n=1),FishBase,FishBase (n=1),FishMorph,FishMorph,FishMorph,FishMorph,FishBase (n=1)
Cypriniformes,Cyprinidae,Ctenopharyngodon,Ctenopharyngodon idella,Grass Carp,150,22.43,fusiform,1.81455,2.28158,0.2268645,0.1781119,0.398785288,15.63,FishBase,FishBase (n=3),FishBase,FishBase (n=3),FishMorph,FishMorph,FishMorph,FishMorph,FishBase (n=3)
Gasterosteiformes,Gasterosteidae,Culaea,Culaea inconstans,Brook Stickleback,8.7,18.5,fusiform,1.52301,5.065428,0.4090923,0.1836751,0.436867916,27.8,FishBase,FishBase (n=1),FishBase,FishBase (n=1),FishMorph,FishMorph,FishMorph,FishMorph,FishBase (n=1)
Cypriniformes,Leuciscidae,Cyprinella,Cyprinella analostana,Satinfin Shiner,11,21.3,fusiform,2.553636364,2.811663,0.1878781,0.1627291,0.491922529,28.4,FishBase,DB using photo from FishBase (n=1),DB,DB using photo from FishBase (n=1),FishMorph,FishMorph,FishMorph,FishMorph,DB using photo from FishBase (n=1)
Cypriniformes,Leuciscidae,Cyprinella,Cyprinella lutrensis,Red Shiner,9.3,25.1,fusiform,1.71603,3.221513,0.2064412,0.1922501,0.431196217,30,FishBase,FishBase (n=1),DB,FishBase (n=1),FishMorph,FishMorph,FishMorph,FishMorph,FishBase (n=1)
Cypriniformes,Leuciscidae,Cyprinella,Cyprinella spiloptera,Spotfin Shiner,12,22,fusiform,1.40446,2.716643,0.1991651,0.1713893,0.553650553,25.5,FishBase,FishBase (n=1),FishBase,FishBase (n=1),FishMorph,FishMorph,FishMorph,FishMorph,FishBase (n=1)
Cypriniformes,Leuciscidae,Cyprinella,Cyprinella whipplei,Steelcolor Shiner,16,19.5,fusiform,1.69889,2.505349,0.2242704,0.1793861,0.545951868,19.1,FishBase,FishBase (n=1),FishBase,FishBase (n=1),FishMorph,FishMorph,FishMorph,FishMorph,FishBase (n=1)
Cypriniformes,Cyprinidae,Cyprinus,Cyprinus carpio,Common Carp,120,33.55,fusiform,1.88205,2.637145,0.2580209,0.1786564,0.510936185,17.6,FishBase,FishBase (n=2),DB,FishBase (n=2),FishMorph,FishMorph,FishMorph,FishMorph,FishBase (n=2)
Clupeiformes,Clupeidae,Dorosoma,Dorosoma cepedianum,Gizzard Shad,61.9,32.3,fusiform,2.22035,3.314939,0.287959,0.1804924,0.478791768,20,FishBase (Converted FL to TL using equation on FishBase),FishBase (n=1),FishBase,FishBase (n=1),FishMorph,FishMorph,FishMorph,FishMorph,FishBase (n=1)
Perciformes,Centrarchidae,Enneacanthus,Enneacanthus gloriosus,Bluespotted Sunfish,9.5,34.5,short/deep,1.42865,1.944444,0.2910827,0.2262797,0.530614596,28.1,FishBase,FishBase (n=1),DB,FishBase (n=1),FishMorph,FishMorph,FishMorph,FishMorph,FishBase (n=1)
Cypriniformes,Leuciscidae,Erimystax,Erimystax x-punctatus,Gravel Chub,11,18.1,fusiform,1.4787,2.454633,0.3581002,0.1720025,0.535546487,25.4,FishBase,FishBase (n=1),DB,FishBase (n=1),FishMorph,FishMorph,FishMorph,FishMorph,FishBase (n=1)
Cypriniformes,Catostomidae,Erimyzon,Erimyzon oblongus,Creek Chubsucker,37.6,27.6,fusiform,1.54593,2.328968,0.1744617,0.2064792,0.532682945,18.7,FishBase,FishBase (n=1),FishBase,FishBase (n=1),FishMorph,FishMorph,FishMorph,FishMorph,FishBase (n=1)
Cypriniformes,Catostomidae,Erimyzon,Erimyzon sucetta,Lake Chubsucker,41,21.6,fusiform,0.933131,2.400814,0.1354065,0.1889053,0.461644924,28.7,FishBase,FishBase (n=1),FishBase,FishBase (n=1),FishMorph,FishMorph,FishMorph,FishMorph,FishBase (n=1)
Esociformes,Esocidae,Esox,Esox americanus ,American Pickerel,40.82,14.75,elongated,1.054183007,2.237456,0.1557826,0.08835605,0.744244822,13,FishBase (Converted FL to TL using equation on FishBase),DB using photo from FishBase (n=1),DB,DB using photo from FishBase (n=1),FishMorph,FishMorph,FishMorph,FishMorph,DB using photo from FishBase (n=1)
Esociformes,Esocidae,Esox,Esox lucius,Northern Pike,150,14.2,elongated,1.3903,2.459067,0.1650109,0.1062315,0.621035943,10.2,FishBase,FishBase (n=2),FishBase,FishBase (n=2),FishMorph,FishMorph,FishMorph,FishMorph,FishBase (n=2)
Esociformes,Esocidae,Esox,Esox masquinongy,Muskellunge,183,18.2,elongated,2.26922,2.723834,0.07220667,0.09117977,0.566998037,18.3,FishBase,FishBase (n=1),DB,FishBase (n=1),FishMorph,FishMorph,FishMorph,FishMorph,FishBase (n=1)
Esociformes,Esocidae,Esox,Esox niger,Chain Pickerel,99,14.6,elongated,2.24816,2.947443,0.1058774,0.09352879,0.500395009,14.9,FishBase,FishBase (n=1),FishBase,FishBase (n=1),FishMorph,FishMorph,FishMorph,FishMorph,FishBase (n=1)
Perciformes,Percidae,Etheostoma,Etheostoma blennioides,Greenside Darter,17,14.5,fusiform,1.596,2.141548,0.5087325,0.2841153,0.594983726,21.9,FishBase,FishBase (n=1),DB,FishBase (n=1),FishMorph,FishMorph,FishMorph,FishMorph,FishBase (n=1)
Perciformes,Percidae,Etheostoma,Etheostoma caeruleum,Rainbow Darter,7.7,20.8,fusiform,1.444,2.853544,0.3931792,0.2681926,0.603726159,25.6,FishBase,FishBase (n=1),DB,FishBase (n=1),FishMorph,FishMorph,FishMorph,FishMorph,FishBase (n=1)
Perciformes,Percidae,Etheostoma,Etheostoma chlorosomum,Bluntnose Darter,6,11,elongated,NA,1.898616,0.4277516,0.1850409,0.655609935,24.9,FishBase,DB using photo from FishBase (n=1),FishBase,NA,FishMorph,FishMorph,FishMorph,FishMorph,DB using photo from FishBase (n=1)
Perciformes,Percidae,Etheostoma,Etheostoma exile,Iowa Darter,7.2,15.8,elongated,0.748,3.028297,0.4745443,0.2470371,0.573609863,25,FishBase,FishBase (n=1),DB,FishBase (n=1),FishMorph,FishMorph,FishMorph,FishMorph,FishBase (n=1)
Perciformes,Percidae,Etheostoma,Etheostoma flabellare,Fantail Darter,8.4,16.7,elongated,0.51,2.329291,0.4323097,0.2497831,0.506646762,24.2,FishBase,FishBase (n=1),DB,FishBase (n=1),FishMorph,FishMorph,FishMorph,FishMorph,FishBase (n=1)
Perciformes,Percidae,Etheostoma,Etheostoma microperca,Least Darter,4.4,17.5,elongated,1.221,2.971154,0.3975052,0.2290961,0.650001923,28.2,FishBase,FishBase (n=1),DB,FishBase (n=1),FishMorph,FishMorph,FishMorph,FishMorph,FishBase (n=1)
Perciformes,Percidae,Etheostoma,Etheostoma nigrum,Johnny Darter,7.2,13.6,elongated,0.63,2.64005,0.4406415,0.2202342,0.603186296,27.1,FishBase,FishBase (n=1),DB,FishBase (n=1),FishMorph,FishMorph,FishMorph,FishMorph,FishBase (n=1)
Perciformes,Percidae,Etheostoma,Etheostoma olmstedi,Tessellated Darter,11,13.9,elongated,0.92,2.364298,0.3404939,0.2830852,0.486910139,19.1,FishBase,FishBase (n=1),DB,FishBase (n=1),FishMorph,FishMorph,FishMorph,FishMorph,FishBase (n=1)
Perciformes,Percidae,Etheostoma,Etheostoma spectabile,Orangethroat Darter,7.2,20,fusiform,0.901,2.496838,0.3858136,0.2604681,0.575635278,17.3,FishBase,FishBase (n=1),DB,FishBase (n=1),FishMorph,FishMorph,FishMorph,FishMorph,FishBase (n=1)
Perciformes,Percidae,Etheostoma,Etheostoma zonale,Banded Darter,7.8,15.6,fusiform,1.746,2.497842,0.4634041,0.2659107,0.618890756,23.1,FishBase,FishBase (n=1),DB,FishBase (n=1),FishMorph,FishMorph,FishMorph,FishMorph,FishBase (n=1)
Cypriniformes,Leuciscidae,Exoglossum,Exoglossum laurae,Tonguetied Minnow,16,22,fusiform,2.342163121,2.191997,0.3287685,0.1996651,0.671467602,21.63,FishBase,DB using photo from FishBase (n=1),DB,DB using photo from FishBase (n=1),FishMorph,FishMorph,FishMorph,FishMorph,DB using photo from FishBase (n=1)
Cypriniformes,Leuciscidae,Exoglossum,Exoglossum maxillingua,Cutlips Minnow,16,19.8,fusiform,1.38572,1.969072,0.3213502,0.1469782,0.599527324,26.1,FishBase,FishBase (n=1),FishBase,FishBase (n=1),FishMorph,FishMorph,FishMorph,FishMorph,FishBase (n=1)
Cyprinodontiformes,Fundulidae,Fundulus,Fundulus diaphanus,Banded Killifish,13,17.8,fusiform,0.815874,1.810126582,0.418032787,0.137704918,0.459016393,27.1,FishBase,FishBase (n=1),DB,FishBase (n=1),DB using photo from FishBase (n=1),DB using photo from FishBase (n=1),DB using photo from FishBase (n=1),DB using photo from FishBase (n=1),FishBase (n=1)
Cyprinodontiformes,Fundulidae,Fundulus,Fundulus dispar,Starhead Topminnow,6,21.4,fusiform,1.37731,1.848214286,0.48255814,0.141636142,0.48255814,27,FishBase,FishBase (n=1),DB,FishBase (n=1),DB using photo from FishBase (n=1),DB using photo from FishBase (n=1),DB using photo from FishBase (n=1),DB using photo from FishBase (n=1),FishBase (n=1)
Cyprinodontiformes,Fundulidae,Fundulus,Fundulus heteroclitus,Mummichog,15,20.8,fusiform,0.897476,1.571428571,0.452380952,0.167865707,0.580952381,22.4,FishBase,FishBase (n=1),DB,FishBase (n=1),DB using photo from FishBase (n=1),DB using photo from FishBase (n=1),DB using photo from FishBase (n=1),DB using photo from FishBase (n=1),FishBase (n=1)
Cyprinodontiformes,Fundulidae,Fundulus,Fundulus notatus,Blackstripe Topminnow,8,17.3,elongated,0.830468,2.076923077,0.258928571,0.161350844,0.303571429,27.8,FishBase,FishBase (n=1),DB,FishBase (n=1),DB using photo from FishBase (n=1),DB using photo from FishBase (n=1),DB using photo from FishBase (n=1),DB using photo from FishBase (n=1),FishBase (n=1)
Cyprinodontiformes,Poeciliidae,Gambusia,Gambusia affinis,Western Mosquitofish,7,24.5,fusiform,0.89546,1.9375,0.333333333,0.116071429,0.476190476,28.5,FishBase,FishBase (n=2),DB,FishBase (n=2),DB using photo from FishBase (n=1),DB using photo from FishBase (n=1),DB using photo from FishBase (n=1),DB using photo from FishBase (n=1),FishBase (n=2)
Gasterosteiformes,Gasterosteidae,Gasterosteus,Gasterosteus aculeatus,Threespine Stickleback,11,23.1,fusiform,2.03993,4.080636,0.4897014,0.1586443,0.571305628,24,FishBase,FishBase (n=1),FishBase,FishBase (n=1),FishMorph,FishMorph,FishMorph,FishMorph,FishBase (n=1)
Gasterosteiformes,Gasterosteidae,Gasterosteus,Gasterosteus wheatlandi,Blackspotted Stickleback,7.6,25,fusiform,1.89024,2.725948,0.5533612,0.1943617,0.517142122,30.1,FishBase,FishBase (n=1),DB,FishBase (n=1),FishMorph,FishMorph,FishMorph,FishMorph,FishBase (n=1)
Perciformes,Percidae,Gymnocephalus,Gymnocephalus cernua,Ruffe ,25,24.55,fusiform,1.14754,3.580847,0.3396614,0.1715036,0.587632944,22.7,FishBase,FishBase (n=2),DB,FishBase (n=2),FishMorph,FishMorph,FishMorph,FishMorph,FishBase (n=2)
Hiodontiformes,Hiodontidae,Hiodon,Hiodon tergisus,Mooneye,47,27.4,fusiform,2.31612,2.389416,0.2326271,0.1736406,0.534883163,30.6,FishBase,FishBase (n=1),DB,FishBase (n=2),FishMorph,FishMorph,FishMorph,FishMorph,FishBase (n=1)
Cypriniformes,Leuciscidae,Hybognathus,Hybognathus hankinsoni,Brassy Minnow,9.7,17.7,fusiform,2.90818,2.129265,0.2520891,0.1613439,0.504476533,17.8,FishBase,FishBase (n=1),DB,FishBase (n=1),FishMorph,FishMorph,FishMorph,FishMorph,FishBase (n=1)
Cypriniformes,Leuciscidae,Hybognathus,Hybognathus regius,Eastern Silvery minnow,15,19.2,fusiform,1.72235,2.925,0.2297086,0.1724906,0.543879785,28.9,FishBase,FishBase (n=1),DB,FishBase (n=1),FishMorph,FishMorph,FishMorph,FishMorph,FishBase (n=1)
Cypriniformes,Catostomidae,Hypentelium,Hypentelium nigricans,Northern Hogsucker,61,16.4,elongated,1.399,2.555307,0.1977645,0.1995596,0.626671919,13.8,FishBase,FishBase (n=1),FishBase,FishBase (n=1),FishMorph,FishMorph,FishMorph,FishMorph,FishBase (n=1)
Cypriniformes,Cyprinidae,Hypophtalmichthys,Hypophthalmichthys molitrix,Silver Carp,120,26.65,fusiform,2.5226,2.873009,0.2977753,0.1977775,0.493936371,14.8,FishBase,FishBase (n=2),FishBase,FishBase (n=2),FishMorph,FishMorph,FishMorph,FishMorph,FishBase (n=2)
Cypriniformes,Cyprinidae,Hypophtalmichthys,Hypophthalmichthys nobilis,Bighead Carp,178.7,24.5,fusiform,1.97127,3.320971,0.2615729,0.2221876,0.488693603,11.6,FishBase,FishBase (n=2),FishBase,FishBase (n=2),FishMorph,FishMorph,FishMorph,FishMorph,FishBase (n=2)
Petromyzontiformes,Petromyzontidae,Ichthyomyzon,Ichthyomyzon castaneus,Chestnut Lamprey,38,9.3,eel-like,NA,1.30952381,NA,NA,0.580645161,4.48,FishBase,DB using photo provided by AJ (n=1),FishBase,NA,DB using photo provided by AJ (n=1),NA,NA,DB using photo provided by AJ (n=1),DB using photo from FishBase (n=1)
Petromyzontiformes,Petromyzontidae,Ichthyomyzon,Ichthyomyzon fossor,Northern Brook Lamprey,17,9.11,eel-like,0.91308642,1.194444444,NA,NA,0.669291339,3.03,FishBase,DB using photo provided by AM (n=1),FishBase,DB using photo provided by AM (n=1),DB using photo provided by AM (n=1),NA,NA,DB using photo provided by AM (n=1),DB using photo provided by AM (n=1)
Petromyzontiformes,Petromyzontidae,Ichthyomyzon,Ichthyomyzon unicuspis,Silver Lamprey,39.2,9.03,eel-like,0.837025316,1.074766355,NA,NA,0.666666667,4.33,FishBase,DB using photo provided by AM (n=1),FishBase,DB using photo provided by AM (n=1),DB using photo provided by AM (n=1),NA,NA,DB using photo provided by AM (n=1),DB using photo provided by AM (n=1)
Siluriformes,Ictaluridae,Ictalurus,Ictalurus furcatus,Blue Catfish,165,21.2,elongated,0.767,4.113898,0.3821,0.1415923,0.560972041,24,FishBase,FishBase (n=1),DB,FishBase (n=1),FishMorph,FishMorph,FishMorph,FishMorph,FishBase (n=1)
Siluriformes,Ictaluridae,Ictalurus,Ictalurus punctatus,Channel Catfish,132,19.7,elongated,1.694,3.196118,0.3243337,0.1402956,0.610576951,12.7,FishBase,FishBase (n=2),DB,FishBase (n=2),FishMorph,FishMorph,FishMorph,FishMorph,FishBase (n=2)
Cypriniformes,Catostomidae,Ictiobus,Ictiobus bubalus,Smallmouth Buffalo,112,28.6,fusiform,1.303,2.720125,0.1105804,0.1756524,0.375575795,27.7,FishBase,FishBase (n=1),DB,FishBase (n=1),FishMorph,FishMorph,FishMorph,FishMorph,FishBase (n=1)
Cypriniformes,Catostomidae,Ictiobus,Ictiobus cyprinellus,Bigmouth Buffalo,123,27.2,fusiform,1.647,2.448182,0.1567407,0.2339571,0.574395286,11.5,FishBase,FishBase (n=1),DB,FishBase (n=1),FishMorph,FishMorph,FishMorph,FishMorph,FishBase (n=1)
Cypriniformes,Catostomidae,Ictiobus,Ictiobus niger,Black Buffalo,123,29,fusiform,1.302,2.900036,0.161982,0.1704844,0.457732368,17.3,FishBase,FishBase (n=1),DB,FishBase (n=1),FishMorph,FishMorph,FishMorph,FishMorph,FishBase (n=1)
Gobiiformes,Gobiidae,Knipowitchia,Knipowitchia caucasica,Caucasian Dwarf Goby,5,16.6,elongated,1.203333333,2.111111111,0.419354839,0.155,0.741935484,32,FishBase,FishBase (n=1),FishBase,DB using photo from FishBase (n=1),DB using photo from FishBase (n=1),DB using photo from FishBase (n=1),DB using photo from FishBase (n=1),DB using photo from FishBase (n=1),FishBase (n=1)
Atheriniformes,Atherinopsidae,Labidesthes,Labidesthes sicculus,Brook Silverside,13,10.3,elongated,1.16923,2.461538462,0.669642857,0.16374269,0.401785714,28.7,FishBase,FishBase (n=1),FishBase,FishBase (n=1),DB using photo from FishBase (n=1),DB using photo from FishBase (n=1),DB using photo from FishBase (n=1),DB using photo from FishBase (n=1),FishBase (n=1)
Petromyzontiformes,Petromyzontidae,Lampetra,Lampetra appendix,American Brook Lamprey,35,7.39,eel-like,1.062439024,1.466666667,NA,NA,0.584158416,10.26,FishBase,DB using photo provided by AM (n=1),FishBase,DB using photo provided by AM (n=1),DB using photo provided by AM (n=1),NA,NA,DB using photo provided by AM (n=1),DB using photo provided by AM (n=1)
Lepisosteiformes,Lepisosteidae,Lepisosteus,Lepisosteus oculatus,Spotted Gar,150,10.7,elongated,0.745354,2.375457,0.2210321,0.08309333,0.335192513,7.9,FishBase,FishBase (n=1),FishBase,FishBase (n=1),FishMorph,FishMorph,FishMorph,FishMorph,FishBase (n=1)
Lepisosteiformes,Lepisosteidae,Lepisosteus,Lepisosteus osseus,Longnose Gar,200,7.55,elongated,0.52292,2.9657,0.3022115,0.05489566,0.657994382,7.5,FishBase,FishBase (n=2),FishBase,FishBase (n=2),FishMorph,FishMorph,FishMorph,FishMorph,FishBase (n=2)
Lepisosteiformes,Lepisosteidae,Lepisosteus,Lepisosteus platostomus,Shortnose Gar,88,13.17,elongated,0.90620985,2.500615,0.3052844,0.1028702,0.574628334,9.07,FishBase,DB using photo from FishBase (n=1),FishBase,DB using photo from FishBase (n=1),FishMorph,FishMorph,FishMorph,FishMorph,DB using photo from FishBase (n=1)
Perciformes,Centrarchidae,Lepomis,Lepomis auritus,Redbreast Sunfish,30.5,37.4,short/deep,1.867,2.372349,0.3238615,0.2183647,0.541623076,18.5,FishBase,FishBase (n=1),DB,FishBase (n=1),FishMorph,FishMorph,FishMorph,FishMorph,FishBase (n=1)
Perciformes,Centrarchidae,Lepomis,Lepomis cyanellus,Green Sunfish,31,34.6,short/deep,1.588,2.507163,0.3024408,0.2117808,0.572431215,19.6,FishBase,FishBase (n=1),FishBase,FishBase (n=1),FishMorph,FishMorph,FishMorph,FishMorph,FishBase (n=1)
Perciformes,Centrarchidae,Lepomis,Lepomis gibbosus,Pumpkinseed,40,44.1,short/deep,0.721,2.415496,0.3186483,0.2503779,0.523731719,19.2,FishBase,FishBase (n=1),FishBase,FishBase (n=1),FishMorph,FishMorph,FishMorph,FishMorph,FishBase (n=1)
Perciformes,Centrarchidae,Lepomis,Lepomis humilis,Orangespotted Sunfish,15,35.4,short/deep,2.703,2.704384,0.3491845,0.2478975,0.519635589,25.2,FishBase,FishBase (n=1),DB,FishBase (n=1),FishMorph,FishMorph,FishMorph,FishMorph,FishBase (n=1)
Perciformes,Centrarchidae,Lepomis,Lepomis macrochirus,Bluegill,41,40.55,short/deep,1.39,2.975986,0.3382264,0.3008389,0.53012832,20.2,FishBase,FishBase (n=2),FishBase,FishBase (n=2),FishMorph,FishMorph,FishMorph,FishMorph,FishBase (n=2)
Perciformes,Centrarchidae,Lepomis,Lepomis megalotis,Longear Sunfish,24,35.7,short/deep,0.86,2.643664,0.3607383,0.2551038,0.551248096,21,FishBase,FishBase (n=1),FishBase,FishBase (n=1),FishMorph,FishMorph,FishMorph,FishMorph,FishBase (n=1)
Perciformes,Centrarchidae,Lepomis,Lepomis microlophus,Redear Sunfish,43.2,32.5,short/deep,0.7,2.126117,0.3081412,0.3001122,0.467191628,17.9,FishBase,FishBase (n=1),DB,FishBase (n=1),FishMorph,FishMorph,FishMorph,FishMorph,FishBase (n=1)
Perciformes,Centrarchidae,Lepomis,Lepomis peltastes,Northern Sunfish,14.8,40,short/deep,1.843899,2.194175,0.3611111,0.2280928,0.588889,26.5,FishBase,DB using photo from FishBase (n=1),DB,DB using photo from FishBase (n=1),DB using photo from FishBase (n=1),DB using photo from FishBase (n=1),DB using photo from FishBase (n=1),DB using photo from FishBase (n=1),DB using photo from FishBase (n=1)
Perciformes,Centrarchidae,Lepomis,Lepomith gulosus,Warmouth,31,34.7,short/deep,0.63,2.828672,0.3209848,0.234363,0.656447212,19.2,FishBase,FishBase (n=1),DB,FishBase (n=1),FishMorph,FishMorph,FishMorph,FishMorph,FishBase (n=1)
Cypriniformes,Cyprinidae,Leuciscus,Leuciscus idus,Ide,104.89,28.05,fusiform,1.74419,2.150565,0.240231,0.1856005,0.520366586,19.25,FishBase (Converted SL to TL using equation on FishBase),FishBase (n=2),FishBase,FishBase (n=2),FishMorph,FishMorph,FishMorph,FishMorph,FishBase (n=2)
Cypriniformes,Cyprinidae,Leuciscus,Leuciscus leuciscus,Eurasian Dace,40,22.8,fusiform,2.01156,2.80899,0.2260996,0.1631731,0.476097198,20.4,FishBase,FishBase (n=1),FishBase,FishBase (n=1),FishMorph,FishMorph,FishMorph,FishMorph,FishBase (n=1)
Gadiformes,Lotidae,Lota,Lota lota,Burbot,152,12.6,elongated,0.725928,1.254545455,0.569078947,0.132502308,0.457236842,12.4,FishBase,FishBase (n=1),DB,FishBase (n=1),DB using photo from FishBase (n=1),DB using photo from FishBase (n=1),DB using photo from FishBase (n=1),DB using photo from FishBase (n=1),FishBase (n=1)
Cypriniformes,Cyprinidae,Luxilus,Luxilus chrysocephalus,Striped Shiner,24,25.8,fusiform,2.56768,3.088623,0.1452485,0.1594244,0.483371139,NA,FishBase,FishBase (n=1),DB,FishBase (n=1),FishMorph,FishMorph,FishMorph,FishMorph,NA
Cypriniformes,Cyprinidae,Luxilus,Luxilus cornutus,Common Shiner,18,22.95,fusiform,2.09178,2.963767,0.203753,0.1967081,0.53351614,27.6,FishBase,FishBase (n=2),DB,FishBase (n=2),FishMorph,FishMorph,FishMorph,FishMorph,FishBase (n=2)
Cypriniformes,Leuciscidae,Lythrurus,Lythrurus umbratilis,Redfin Shiner,8.8,19.8,fusiform,1.36488,3.231639,0.2390146,0.1717006,0.575468239,26.4,FishBase,FishBase (n=1),DB,FishBase (n=1),FishMorph,FishMorph,FishMorph,FishMorph,FishBase (n=1)
Cypriniformes,Cyprinidae,Macrhybopsis,Macrhybopsis storeriana,Silver Chub,23,18.3,fusiform,1.16955,2.85397,0.2540636,0.1619465,0.572636548,29.4,FishBase,FishBase (n=1),DB,FishBase (n=1),FishMorph,FishMorph,FishMorph,FishMorph,FishBase (n=1)
Cypriniformes,Leuciscidae,Margariscus,Margariscus margarita,Allegheny Pearl Dace,16,14.6,elongated,1.48002,2.571321,0.2738448,0.1978963,0.529082173,26.4,FishBase,FishBase (n=1),FishBase,FishBase (n=1),FishMorph,FishMorph,FishMorph,FishMorph,FishBase (n=1)
Gadiformes,Gadidae,Microgadus,Microgadus tomcod,Atlantic Tomcod,38.1,20.2,fusiform,0.952177,2.478576,0.4686926,0.1579861,0.528062997,15.9,FishBase,FishBase (n=1),DB,FishBase (n=1),FishMorph,FishMorph,FishMorph,FishMorph,FishBase (n=1)
Perciformes,Centrarchidae,Micropterus,Micropterus dolomieu,Smallmouth Bass,69,26.7,fusiform,1.43,2.828318,0.389738,0.1716591,0.652592702,15.1,FishBase,FishBase (n=1),FishBase,FishBase (n=1),FishMorph,FishMorph,FishMorph,FishMorph,FishBase (n=1)
Perciformes,Centrarchidae,Micropterus,Micropterus salmoides,Largemouth Bass,97,28.55,fusiform,1.216,2.367404,0.3266925,0.1729975,0.598507859,15.1,FishBase,FishBase (n=2),FishBase,FishBase (n=2),FishMorph,FishMorph,FishMorph,FishMorph,FishBase (n=2)
Cypriniformes,Catostomidae,Minytrema,Minytrema melanops,Spotted Sucker,50,21.6,elongated,2.069,3.780001,0.155477,0.2040576,0.501766784,21.2,FishBase,FishBase (n=1),DB,FishBase (n=1),FishMorph,FishMorph,FishMorph,FishMorph,FishBase (n=1)
Perciformes,Moronidae,Morone,Morone americana,White Perch,58,27.7,fusiform,1.78178,2.666797,0.3604383,0.2113372,0.472522853,19.7,FishBase,FishBase (n=1),DB,FishBase (n=1),FishMorph,FishMorph,FishMorph,FishMorph,FishBase (n=1)
Perciformes,Moronidae,Morone,Morone chrysops,White Bass,45,30.5,fusiform,1.73567,2.12724,0.3324408,0.1678005,0.504293644,26.4,FishBase,FishBase (n=1),DB,FishBase (n=1),FishMorph,FishMorph,FishMorph,FishMorph,FishBase (n=1)
Perciformes,Moronidae,Morone,Morone mississippiensis,Yellow Bass,46,32.4,fusiform,1.56278,2.892144,0.3816039,0.2062279,0.501751373,15.2,FishBase,FishBase (n=1),DB,FishBase (n=1),FishMorph,FishMorph,FishMorph,FishMorph,FishBase (n=1)
Perciformes,Moronidae,Morone,Morone saxatilis,Striped Bass,200,24.7,fusiform,1.88595,2.867192,0.3866361,0.1540308,0.645352095,13.5,FishBase,FishBase (n=3),FishBase,FishBase (n=3),FishMorph,FishMorph,FishMorph,FishMorph,FishBase (n=3)
Cypriniformes,Catostomidae,Moxostoma,Moxostoma anisurum,Silver Redhorse,74,22,fusiform,1.524,2.317764,0.1205324,0.1714836,0.51491424,24.5,FishBase,FishBase (n=1),DB,FishBase (n=1),FishMorph,FishMorph,FishMorph,FishMorph,FishBase (n=1)
Cypriniformes,Catostomidae,moxostoma,moxostoma carinatum,River Redhorse,77,21.8,fusiform,1.13,2.69704,0.1657252,0.146699,0.515951514,25.2,FishBase,FishBase (n=1),DB,FishBase (n=1),FishMorph,FishMorph,FishMorph,FishMorph,FishBase (n=1)
Cypriniformes,Catostomidae,Moxostoma,Moxostoma duquesni,Black Redhorse,51,21.6,fusiform,2.231,2.848484848,0.193877551,0.144549763,0.556122449,18.9,FishBase,FishBase (n=1),FishBase,FishBase (n=1),DB using photo from FishBase (n=1),DB using photo from FishBase (n=1),DB using photo from FishBase (n=1),DB using photo from FishBase (n=1),FishBase (n=1)
Cypriniformes,Catostomidae,Moxostoma,Moxostoma erythrurum,Golden Redhorse,78,21.2,fusiform,1.171,2.633902,0.1397385,0.1760404,0.492648775,28.3,FishBase,FishBase (n=1),FishBase,FishBase (n=1),FishMorph,FishMorph,FishMorph,FishMorph,FishBase (n=1)
Cypriniformes,Catostomidae,Moxostoma,Moxostoma hubbsi,Copper Redhorse,72,28.3,fusiform,1.455,2.07684,0.1209134,0.2184596,0.445931015,23,FishBase,FishBase (n=1),DB,FishBase (n=1),FishMorph,FishMorph,FishMorph,FishMorph,FishBase (n=1)
Cypriniformes,Catostomidae,Moxostoma,Moxostoma macrolepidotum,Shorthead Redhorse,75,21.7,fusiform,1.64,1.941254,0.1766748,0.16325,0.427608303,19.1,FishBase,FishBase (n=1),DB,FishBase (n=1),FishMorph,FishMorph,FishMorph,FishMorph,FishBase (n=1)
Cypriniformes,Catostomidae,Moxostoma,Moxostoma valenciennesi,Greater Redhorse,80,23.2,fusiform,1.538,2.933658,0.09178024,0.165005,0.542669158,17.5,FishBase,FishBase (n=1),FishBase,FishBase (n=1),FishMorph,FishMorph,FishMorph,FishMorph,FishBase (n=1)
Cypriniformes,Cyprinidae,Mylopharyngodon,Mylopharyngodon piceus,Black Carp,180,19.7,fusiform,1.60391,NA,0.3664053,0.160547,0.507637604,25.7,FishBase,FishBase (n=1),FishBase,FishBase (n=1),NA,FishMorph,FishMorph,FishMorph,FishBase (n=1)
Scorpaeniformes,Cottidae,Myoxocephalus,Myoxocephalus thompsonii,Deepwater Sculpin,23,15.1,elongated,0.846814,4.167031,0.5219703,0.2609128,0.641542751,31.4,FishBase,FishBase (n=1),DB,FishBase (n=1),FishMorph,FishMorph,FishMorph,FishMorph,FishBase (n=1)
Gobiiformes,Gobiidae,Neogobius,Neogobius fluviatilis,Monkey Goby,20,15.3,elongated,0.394427,2.132923,0.5517173,0.1852132,0.663162553,19.1,FishBase,FishBase (n=1),DB,FishBase (n=1),FishMorph,FishMorph,FishMorph,FishMorph,FishBase (n=1)
Gobiiformes,Gobiidae,Neogobius,Neogobius melanostomus,Round Goby,35,21.7,fusiform,0.89264,1.908822,0.7164146,0.248506,0.730706368,18.4,FishBase,FishBase (n=1),FishBase,FishBase (n=1),FishMorph,FishMorph,FishMorph,FishMorph,FishBase (n=1)
Cypriniformes,Cyprinidae,Nocomis,Nocomis biguttatus,Hornyhead Chub,26,18.6,fusiform,1.60514,2.386741,0.2548796,0.1688209,0.561716547,20.7,FishBase,FishBase (n=1),DB,FishBase (n=1),FishMorph,FishMorph,FishMorph,FishMorph,FishBase (n=1)
Cypriniformes,Cyprinidae,Nocomis,Nocomis micropogon ,River Chub,33,20.9,fusiform,1.3589,2.294693,0.2286035,0.1580986,0.643583027,33.3,FishBase,FishBase (n=1),DB,FishBase (n=1),FishMorph,FishMorph,FishMorph,FishMorph,FishBase (n=1)
Cypriniformes,Cyprinidae,Notemigonus,Notemigonus crysoleucas,Golden Shiner ,32,30.4,fusiform,1.67679,2.965019,0.2610538,0.1653965,0.486819417,23.2,FishBase,FishBase (n=1),FishBase,FishBase (n=1),FishMorph,FishMorph,FishMorph,FishMorph,FishBase (n=1)
Cypriniformes,Leuciscidae,Notropis,Notropis amblops,Bigeye Chub,10,15.8,elongated,2.4845,2.532258065,0.338235294,0.188059701,0.477941176,30.1,FishBase,FishBase (n=1),FishBase,FishBase (n=1),DB using photo from FishBase (n=1),DB using photo from FishBase (n=1),DB using photo from FishBase (n=1),DB using photo from FishBase (n=1),FishBase (n=1)
Cypriniformes,Leuciscidae,Notropis,Notropis anogenus,Pugnose Shiner,5.8,19.1,elongated,2.34725,2.021739,0.2375213,0.1420889,0.518308956,31.3,FishBase,FishBase (n=1),DB,FishBase (n=1),FishMorph,FishMorph,FishMorph,FishMorph,FishBase (n=1)
Cypriniformes,Leuciscidae,Notropis,Notropis ariommus,Popeye Shiner,9.5,17.27,elongated,2.347524,2.834572,0.2087359,0.1904256,0.611346882,38.46,FishBase,DB using photo from FishBase (n=1),DB,DB using photo from FishBase (n=1),FishMorph,FishMorph,FishMorph,FishMorph,DB using photo from FishBase (n=1)
Cypriniformes,Leuciscidae,Notropis,Notropis atherinoides,Emerald Shiner,13,15.6,elongated,2.01034,2.726115,0.2951858,0.1496788,0.568281312,25.2,FishBase,FishBase (n=1),FishBase,FishBase (n=1),FishMorph,FishMorph,FishMorph,FishMorph,FishBase (n=1)
Cypriniformes,Leuciscidae,Notropis,Notropis bifrenatus,Bridle Shiner,6.5,18.2,elongated,1.68303,2.823676,0.276672,0.1710992,0.502211103,32,FishBase,FishBase (n=1),DB,FishBase (n=1),FishMorph,FishMorph,FishMorph,FishMorph,FishBase (n=1)
Cypriniformes,Leuciscidae,Notropis,Notropis blennius,River Shiner,13,17.1,elongated,1.55581,2.551493,0.2132353,0.2124952,0.485308824,31.3,FishBase,FishBase (n=1),FishBase,FishBase (n=1),FishMorph,FishMorph,FishMorph,FishMorph,FishBase (n=1)
Cypriniformes,Leuciscidae,Notropis,Notropis boops,Bigeye Shiner,9,16.7,elongated,1.56255,2.881068,0.246432,0.1745307,0.588241998,39.3,FishBase,FishBase (n=1),DB,FishBase (n=1),FishMorph,FishMorph,FishMorph,FishMorph,FishBase (n=1)
Cypriniformes,Leuciscidae,Notropis,Notropis buccatus,Silverjaw Minnow,9.8,16.2,elongated,1.61035,2.721643,0.3134864,0.1859838,0.597173697,26.8,FishBase,FishBase (n=1),DB,FishBase (n=1),FishMorph,FishMorph,FishMorph,FishMorph,FishBase (n=1)
Cypriniformes,Leuciscidae,Notropis,Notropis chalybaeus,Ironcolor Shiner,6.5,15.8,elongated,1.50387,3.067147,0.2820501,0.1737991,0.538550157,32.7,FishBase,FishBase (n=1),DB,FishBase (n=1),FishMorph,FishMorph,FishMorph,FishMorph,FishBase (n=1)
Cypriniformes,Leuciscidae,Notropis,Notropis dorsalis,Bigmouth Shiner,8,18.1,elongated,0.967613,2.205719,0.3309859,0.1442777,0.592741784,26.4,FishBase,FishBase (n=1),DB,FishBase (n=1),FishMorph,FishMorph,FishMorph,FishMorph,FishBase (n=1)
Cypriniformes,Leuciscidae,Notropis,Notropis heterodon,Blackchin Shiner,7.1,16.8,elongated,1.27467,2.842961,0.1915638,0.199706,0.462795213,40.9,FishBase,FishBase (n=1),DB,FishBase (n=1),FishMorph,FishMorph,FishMorph,FishMorph,FishBase (n=1)
Cypriniformes,Leuciscidae,Notropis,Notropis heterolepis,Blacknose Shiner,9.8,14.4,elongated,1.60734,2.85372,0.3179935,0.1694709,0.531356294,28.7,FishBase,FishBase (n=1),DB,FishBase (n=1),FishMorph,FishMorph,FishMorph,FishMorph,FishBase (n=1)
Cypriniformes,Leuciscidae,Notropis,Notropis hudsonius,Spottail Shiner,15,14.6,elongated,1.9773,3.015402,0.2781888,0.1783625,0.577618018,29,FishBase,FishBase (n=1),DB,FishBase (n=1),FishMorph,FishMorph,FishMorph,FishMorph,FishBase (n=1)
Cypriniformes,Leuciscidae,Notropis,Notropis photogenis,Silver Shiner,14,14.6,elongated,1.43777,3.204918,0.2412222,0.1535006,0.585904968,28.9,FishBase,FishBase (n=1),DB,FishBase (n=1),FishMorph,FishMorph,FishMorph,FishMorph,FishBase (n=1)
Cypriniformes,Leuciscidae,Notropis,Notropis procne,Swallowtail Shiner,7.2,15.8,elongated,2.188375,3.41164,0.3181764,0.1581644,0.551155378,28.7,FishBase,DB using photo from FishBase (n=1),DB,DB using photo from FishBase (n=1),FishMorph,FishMorph,FishMorph,FishMorph,DB using photo from FishBase (n=1)
Cypriniformes,Leuciscidae,Notropis,Notropis rubellus,Rosyface Shiner,11,15.23,elongated,2.135873,2.834847,0.2564365,0.1789251,0.54699033,24.09,FishBase,DB using photo from FishBase (n=1),DB,DB using photo from FishBase (n=1),FishMorph,FishMorph,FishMorph,FishMorph,DB using photo from FishBase (n=1)
Cypriniformes,Leuciscidae,Notropis,Notropis stramineus,Sand Shiner,8.2,17.2,fusiform,1.19528,2.623525,0.2637459,0.162641,0.530547179,28.4,FishBase,FishBase (n=1),FishBase,FishBase (n=1),FishMorph,FishMorph,FishMorph,FishMorph,FishBase (n=1)
Cypriniformes,Leuciscidae,Notropis,Notropis texanus,Weed Shiner,8.6,18.1,fusiform,1.70363,2.520552,0.2827846,0.1864564,0.504110622,35.2,FishBase,FishBase (n=1),DB,FishBase (n=1),FishMorph,FishMorph,FishMorph,FishMorph,FishBase (n=1)
Cypriniformes,Leuciscidae,Notropis,Notropis volucellus,Mimic Shiner,7.6,18.5,elongated,2.15187,2.963439,0.3100584,0.1680986,0.56716108,30.9,FishBase,FishBase (n=1),DB,FishBase (n=1),FishMorph,FishMorph,FishMorph,FishMorph,FishBase (n=1)
Siluriformes,Ictaluridae,Noturus,Noturus flavus,Stonecat,31,12.07,elongated,0.624808,1.79763,0.4123202,0.1671639,0.586166815,19.2,FishBase,DB using photo from FishBase (n=1),FishBase,DB using photo from FishBase (n=1),FishMorph,FishMorph,FishMorph,FishMorph,DB using photo from FishBase (n=1)
Siluriformes,Ictaluridae,Noturus,Noturus gyrinus,Tadpole Madtom,13,21.1,elongated,0.691,1.468282,0.4065548,0.1694484,0.565012387,13.9,FishBase,FishBase (n=1),DB,FishBase (n=1),FishMorph,FishMorph,FishMorph,FishMorph,FishBase (n=1)
Siluriformes,Ictaluridae,Noturus,Noturus miurus,Brindled Madtom,13,19.7,elongated,0.674,1.783658,0.2368552,0.1878966,0.56022652,20.7,FishBase,FishBase (n=1),DB,FishBase (n=1),FishMorph,FishMorph,FishMorph,FishMorph,FishBase (n=1)
Siluriformes,Ictaluridae,Noturus,Noturus stigmosus,Northern Madtom,13,20.6,elongated,0.621,1.906342,0.2693492,0.1639458,0.614640142,15.7,FishBase,FishBase (n=1),DB,FishBase (n=1),FishMorph,FishMorph,FishMorph,FishMorph,FishBase (n=1)
Salmoniformes,Salmonidae,Oncorhynchus,Oncorhynchus clarkii,Cutthroat Trout,99,19.75,fusiform,2.133,2.274087,0.2953722,0.1301689,0.657989198,17.05,FishBase,FishBase (n=2),FishBase,FishBase (n=2),FishMorph,FishMorph,FishMorph,FishMorph,FishBase (n=2)
Salmoniformes,Salmonidae,Oncorhynchus,Oncorhynchus gorbuscha,Pink Salmon,76,22.8,fusiform,2.487,3.834029,0.2279174,0.142362,0.490702692,12.3,FishBase,FishBase (n=1),FishBase,FishBase (n=1),FishMorph,FishMorph,FishMorph,FishMorph,FishBase (n=1)
Salmoniformes,Salmonidae,Oncorhynchus,Oncorhynchus keta,Chum Salmon,100,26.3,fusiform,2.649,3.118909,0.2402426,0.1533747,0.575092434,9.6,FishBase,FishBase (n=1),FishBase,FishBase (n=1),FishMorph,FishMorph,FishMorph,FishMorph,FishBase (n=1)
Salmoniformes,Salmonidae,Oncorhynchus,Oncorhynchus kisutch,Coho Salmon,108,24.1,fusiform,2.161,2.717115,0.2573605,0.1537003,0.569324567,10.1,FishBase,FishBase (n=3),FishBase,FishBase (n=3),FishMorph,FishMorph,FishMorph,FishMorph,FishBase (n=3)
Salmoniformes,Salmonidae,Oncorhynchus,Oncorhynchus mykiss,Rainbow Trout,122,22.4,fusiform,1.673,2.650049,0.2435354,0.1559702,0.603331072,18,FishBase,FishBase (n=2),FishBase,FishBase (n=2),FishMorph,FishMorph,FishMorph,FishMorph,FishBase (n=2)
Salmoniformes,Salmonidae,Oncorhynchus,Oncorhynchus nerka,Sockeye Salmon,84,25.9,fusiform,2.507,3.864039,0.2266851,0.1639218,0.605853137,10.3,FishBase,FishBase (n=3),FishBase,FishBase (n=3),FishMorph,FishMorph,FishMorph,FishMorph,FishBase (n=3)
Salmoniformes,Salmonidae,Oncorhynchus,Oncorhynchus tshawytscha,Chinook Salmon,150,21.5,fusiform,1.637,3.091759,0.2177707,0.1493911,0.520788792,10.2,FishBase,FishBase (n=1),FishBase,FishBase (n=1),FishMorph,FishMorph,FishMorph,FishMorph,FishBase (n=1)
Cypriniformes,Cyprinidae,Opsopoeodus,Opsopoeodus emiliae,Pugnose Minnow,6.6,19.7,elongated,3.98399,3.570189,0.2459086,0.1499609,0.494115073,27.7,FishBase,FishBase (n=1),DB,FishBase (n=1),FishMorph,FishMorph,FishMorph,FishMorph,FishBase (n=1)
Osmeriformes,Osmeridae,Osmerus,Osmerus eperlanus,Smelt,45,16.6,elongated,1.71236,2.735099338,0.213213213,0.151631478,0.612612613,16.3,FishBase,FishBase (n=1),FishBase,FishBase (n=1),DB using photo from FishBase (n=1),DB using photo from FishBase (n=1),DB using photo from FishBase (n=1),DB using photo from FishBase (n=1),FishBase (n=1)
Osmeriformes,Osmeridae,Osmerus,Osmerus mordax,Rainbow Smelt,35.6,12.9,elongated,2.34105,2.911764706,0.196969697,0.151653364,0.515151515,24,FishBase,FishBase (n=1),FishBase,FishBase (n=1),DB using photo from FishBase (n=1),DB using photo from FishBase (n=1),DB using photo from FishBase (n=1),DB using photo from FishBase (n=1),FishBase (n=1)
Perciformes,Percidae,Perca,Perca flavescens,Yellow Perch,50,23.4,fusiform,1.23413,1.860759494,0.353276353,0.163565891,0.492877493,19.5,FishBase,FishBase (n=1),DB,FishBase (n=1),DB using photo from FishBase (n=1),DB using photo from FishBase (n=1),DB using photo from FishBase (n=1),DB using photo from FishBase (n=1),FishBase (n=1)
Perciformes,Percidae,Perca,Perca fluviatilis,Eurasian Perch,67.64,25.85,fusiform,1.39721,2.201612903,0.318936877,0.148292683,0.465116279,20.7,FishBase (Converted SL to TL using equation on FishBase),FishBase (n=2),FishBase,FishBase (n=2),DB using photo from FishBase (n=1),DB using photo from FishBase (n=1),DB using photo from FishBase (n=1),DB using photo from FishBase (n=1),FishBase (n=2)
Gobiiformes,Odontobutidae,Perccottus,Perccottus glenii,Amur Sleeper,25,26.1,fusiform,1.49711,2.5,0.43452381,0.214285714,0.511904762,16.1,FishBase,FishBase (n=1),DB,FishBase (n=1),DB using photo from FishBase (n=1),DB using photo from FishBase (n=1),DB using photo from FishBase (n=1),DB using photo from FishBase (n=1),FishBase (n=1)
Perciformes,Percidae,Percina,Percina caprodes,Logperch,18,14.1,elongated,1.053,2.804878049,0.467105263,0.139556377,0.598684211,23.9,FishBase,FishBase (n=1),FishBase,FishBase (n=1),DB using photo from FishBase (n=1),DB using photo from FishBase (n=1),DB using photo from FishBase (n=1),DB using photo from FishBase (n=1),FishBase (n=1)
Perciformes,Percidae,Percina,Percina copelandi,Channel Darter,7.2,13.19,elongated,0.8464,1.586206897,0.456140351,0.164864865,0.438596491,26.9,FishBase,DB using photo from FishBase (n=1),DB,DB using photo from FishBase (n=1),DB using photo from FishBase (n=1),DB using photo from FishBase (n=1),DB using photo from FishBase (n=1),DB using photo from FishBase (n=1),DB using photo from FishBase (n=1)
Perciformes,Percidae,Percina,Percina evides,Gilt Darter,9.6,19,fusiform,NA,1.990384615,0.489473684,0.199556541,0.526315789,21,FishBase,DB using photo from FishBase (n=1),DB,NA,DB using photo from FishBase (n=1),DB using photo from FishBase (n=1),DB using photo from FishBase (n=1),DB using photo from FishBase (n=1),DB using photo from FishBase (n=1)
Perciformes,Percidae,Percina,Percina macualta,Blackside Darter,11,17.2,elongated,0.841,1.68115942,0.327160494,0.211111111,0.388888889,23.7,FishBase,FishBase (n=1),DB,FishBase (n=1),DB using photo from FishBase (n=1),DB using photo from FishBase (n=1),DB using photo from FishBase (n=1),DB using photo from FishBase (n=1),FishBase (n=1)
Perciformes,Percidae,Percina,Percina phoxocephala,Slenderhead Darter,9.6,17.4,elongated,1.64,2.050505051,0.403409091,NA,0.744318182,35.1,FishBase,FishBase (n=1),DB,FishBase (n=1),DB using photo from FishBase (n=1),DB using photo from FishBase (n=1),NA,DB using photo from FishBase (n=1),FishBase (n=1)
Perciformes,Percidae,Percina,Percina shumardi,River Darter,7.8,15,elongated,1.51,1.426966292,0.537414966,0.260047281,0.537414966,29.5,FishBase,FishBase (n=1),DB,FishBase (n=1),DB using photo from FishBase (n=1),DB using photo from FishBase (n=1),DB using photo from FishBase (n=1),DB using photo from FishBase (n=1),FishBase (n=1)
Percopsiformes,Percopsidae,Percopsis,Percopsis omiscomaycus,Trout-perch,20,17.4,fusiform,1.34963,3.41636,0.2272254,0.203749,0.498044927,29.6,FishBase,FishBase (n=1),DB,FishBase (n=1),FishMorph,FishMorph,FishMorph,FishMorph,FishBase (n=1)
Petromyzontiformes,Petromyzontidae,Petromyzon,Petromyzon marinus,Sea Lamprey,12,7.2,eel-like,0.809,1.524390244,NA,NA,0.589285714,4.5,FishBase,FishBase (n=1),FishBase,FishBase (n=1),DB using photo from FishBase (n=1),NA,NA,DB using photo from FishBase (n=1),FishBase (n=1)
Cypriniformes,Cyprinidae,Phenacobius,Phenacobius mirabilis,Suckermouth Minnow,12,17.2,elongated,1.56884,2.451021,0.2267094,0.1740219,0.558431964,19.8,FishBase,FishBase (n=1),FishBase,FishBase (n=1),FishMorph,FishMorph,FishMorph,FishMorph,FishBase (n=1)
Cypriniformes,Leuciscidae,Phoxinus,Phoxinus phoxinus,Eurasian Minnow,14,19.35,fusiform,1.0681,2.332147,0.2620416,0.1519016,0.453321275,21.7,FishBase,FishBase (n=2),FishBase,FishBase (n=2),FishMorph,FishMorph,FishMorph,FishMorph,FishBase (n=2)
Cypriniformes,Cyprinidae,Pimephales,Pimephales notatus,Bluntnose Minnow,11,17.6,fusiform,1.11248,2.75005,0.2167857,0.1267742,0.529953917,24.2,FishBase,FishBase (n=1),DB,FishBase (n=1),FishMorph,FishMorph,FishMorph,FishMorph,FishBase (n=1)
Cypriniformes,Cyprinidae,Pimephales,Pimephales promelas,Fathead Minnow,10.1,18.3,fusiform,1.51105,2.395225,0.1945942,0.1633254,0.499082302,29.2,FishBase,FishBase (n=1),FishBase,FishBase (n=1),FishMorph,FishMorph,FishMorph,FishMorph,FishBase (n=1)
Cypriniformes,Cyprinidae,Pimephales,Pimephales vigilax,Bullhead Minnow,9.2,18.5,fusiform,1.44955,2.600928,0.2827047,0.1837212,0.607769556,29.6,FishBase,FishBase (n=1),DB,FishBase (n=1),FishMorph,FishMorph,FishMorph,FishMorph,FishBase (n=1)
Pleuronectiformes,Pleuronectidae,Platichthys,Platichthys flesus,European Flounder,60,37.9,flat,0.611639,2.357199,0.464029,0.1371475,0.610478062,17.7,FishBase,FishBase (n=1),DB,FishBase (n=1),FishMorph,FishMorph,FishMorph,FishMorph,FishBase (n=1)
Acipenseriformes,Polyodontidae,Polyodon,Polyodon spathula,Paddlefish,221,18.7,elongated,2.41399,4.379742,0.2214382,0.1092816,0.56573728,1.7,FishBase,FishBase (n=1),DB,FishBase (n=1),FishMorph,FishMorph,FishMorph,FishMorph,FishBase (n=1)
Perciformes,Centrarchidae,Pomoxis,Pomoxis annularis,White Crappie,53,36.4,short/deep,1.61964,2.588014,0.2948354,0.2183369,0.459940079,19,FishBase,FishBase (n=1),DB,FishBase (n=1),FishMorph,FishMorph,FishMorph,FishMorph,FishBase (n=1)
Perciformes,Centrarchidae,Pomoxis,Pomoxis nigromaculatus,Black Crappie,49,36.3,short/deep,1.56692,2.499158,0.3352829,0.2073281,0.518641217,18.5,FishBase,FishBase (n=1),DB,FishBase (n=1),FishMorph,FishMorph,FishMorph,FishMorph,FishBase (n=1)
Salmoniformes,Salmonidae,Prosopium,Prosopium coulterii,Pygmy Whitefish,28,15.1,elongated,1.53064,3.124844,0.3509297,0.1282472,0.656192237,28.7,FishBase,FishBase (n=1),FishBase,FishBase (n=1),FishMorph,FishMorph,FishMorph,FishMorph,FishBase (n=1)
Salmoniformes,Salmonidae,Prosopium,Prosopium cylindraceum,Round Whitefish,59,17.1,fusiform,2.58,3.413092,0.2914218,0.1170831,0.474733497,21.3,FishBase,FishBase (n=1),FishBase,FishBase (n=1),FishMorph,FishMorph,FishMorph,FishMorph,FishBase (n=1)
Gobiiformes,Gobiidae,Proterorhinus,Proterorhinus semilunaris ,Western Tubenose Goby,9,13.85,fusiform,1.088228571,2.042635,0.5718834,0.2227635,0.724972731,18.8,FishBase,DB using photo from FishBase (n=1),DB,DB using photo from FishBase (n=1),FishMorph,FishMorph,FishMorph,FishMorph,DB using photo from FishBase (n=1)
Cypriniformes,Cyprinidae,Pseudorasbora,Pseudorasbora parva,Topmouth Gudgeon,12.5,22.1,fusiform,1.74928,2.4125,0.245033113,0.141196013,0.430463576,28.5,FishBase,FishBase (n=2),DB,FishBase (n=2),DB using photo from FishBase (n=1),DB using photo from FishBase (n=1),DB using photo from FishBase (n=1),DB using photo from FishBase (n=1),FishBase (n=2)
Gasterosteiformes,Gasterosteidae,Pungitius,Pungitius pungitius,Ninespine Stickleback,9,19.77,elongated,1.33653,6.947579,0.4747683,0.1555766,0.507155518,23.37,FishBase,FishBase (n=3),FishBase,FishBase (n=3),FishMorph,FishMorph,FishMorph,FishMorph,FishBase (n=3)
Siluriformes,Ictaluridae,Pylodictis,Pylodictis olivaris,Flathead Catfish,155,19.4,elongated,1.185,2.055963,0.3181372,0.1553859,0.611500816,10.4,FishBase,FishBase (n=1),DB,FishBase (n=1),FishMorph,FishMorph,FishMorph,FishMorph,FishBase (n=1)
Cypriniformes,Leuciscidae,Rhinichthys,Rhinichthys atratulus,Blacknose Dace,12.4,17.6,fusiform,1.38043,2.019528,0.3654813,0.1718867,0.571343077,23.8,FishBase,FishBase (n=1),FishBase,FishBase (n=1),FishMorph,FishMorph,FishMorph,FishMorph,FishBase (n=1)
Cypriniformes,Leuciscidae,Rhinichthys,Rhinichthys cataractae,Longnose Dace,22.5,17,elongated,1.28457,2.297396,0.3536829,0.2027984,0.638211382,20.7,FishBase,FishBase (n=1),FishBase,FishBase (n=1),FishMorph,FishMorph,FishMorph,FishMorph,FishBase (n=1)
Cypriniformes,Cyprinidae,Rutilus,Rutilus rutilus,Roach ,50.2,25,fusiform,1.47269,3.213865,0.2502727,0.1618402,0.455062235,23.85,FishBase,FishBase (n=2),FishBase,FishBase (n=2),FishMorph,FishMorph,FishMorph,FishMorph,FishBase (n=2)
Salmoniformes,Salmonidae,Salmo,Salmo salar,Atlantic Salmon,150,19.73,fusiform,2.051,3.076443,0.2446201,0.1242126,0.467510023,12.3,FishBase,FishBase (n=3),FishBase,FishBase (n=3),FishMorph,FishMorph,FishMorph,FishMorph,FishBase (n=3)
Salmoniformes,Salmonidae,Salmo,Salmo trutta,Brown Trout,140,19.95,fusiform,1.618,2.274148,0.2549835,0.141035,0.605609036,23.7,FishBase,FishBase (n=2),FishBase,FishBase (n=2),FishMorph,FishMorph,FishMorph,FishMorph,FishBase (n=2)
Salmoniformes,Salmonidae,Salvelinus,Salvelinus alpinus,Arctic Char,107,19.57,fusiform,1.772,2.865442,0.3242597,0.1682862,0.640026718,17.8,FishBase,FishBase (n=3),FishBase,FishBase (n=3),FishMorph,FishMorph,FishMorph,FishMorph,FishBase (n=3)
Salmoniformes,Salmonidae,Salvelinus,Salvelinus fontinalis,Brook Trout,86,26.4,fusiform,1.538,2.280605,0.2772304,0.153272,0.6354576,21.2,FishBase,FishBase (n=1),FishBase,FishBase (n=1),FishMorph,FishMorph,FishMorph,FishMorph,FishBase (n=1)
Salmoniformes,Salmonidae,Salvelinus,Salvelinus namaycush,Lake Trout,150,19.1,fusiform,2.111,3.656679,0.2429204,0.1631333,0.642957227,11.8,FishBase,FishBase (n=1),FishBase,FishBase (n=1),FishMorph,FishMorph,FishMorph,FishMorph,FishBase (n=1)
Perciformes,Percidae,Sander,Sander canadensis,Sauger,76,21.7,elongated,1.26302,2.781518,0.2523166,0.1458291,0.491267055,14.8,FishBase,FishBase (n=1),DB,FishBase (n=1),FishMorph,FishMorph,FishMorph,FishMorph,FishBase (n=1)
Perciformes,Percidae,Sander,Sander lucioperca,Pikeperch,127.23,18.5,elongated,1.38853,3.388259,0.3475585,0.1460195,0.388211694,13.6,FishBase (Converted SL to TL using equation on FishBase),FishBase (n=2),DB,FishBase (n=2),FishMorph,FishMorph,FishMorph,FishMorph,FishBase (n=2)
Perciformes,Percidae,Sander,Sander vitreus,Walleye,123.41,15.5,elongated,1.29389,2.900798,0.4178307,0.1405814,0.514283368,19.7,FishBase (Converted FL to TL using equation on FishBase),FishBase (n=1),FishBase,FishBase (n=1),FishMorph,FishMorph,FishMorph,FishMorph,FishBase (n=1)
Cypriniformes,Cyprinidae,Scardinius,Scardinius erythrophthalmus,Rudd,61.7,29.6,fusiform,1.76594,3.09878,0.2927147,0.1794026,0.517721457,29.2,FishBase,FishBase (n=1),FishBase,FishBase (n=1),FishMorph,FishMorph,FishMorph,FishMorph,FishBase (n=1)
Cypriniformes,Cyprinidae,Semotilus,Semotilus atromaculatus,Creek Chub,30.3,18.2,fusiform,1.10619,2.205654,0.2663538,0.1606491,0.509366999,20.6,FishBase,FishBase (n=1),DB,FishBase (n=1),FishMorph,FishMorph,FishMorph,FishMorph,FishBase (n=1)
Cypriniformes,Cyprinidae,Semotilus,Semotilus corporalis,Fallfish,51,19.9,fusiform,1.85108,3.347581,0.2075585,0.1646135,0.698214922,21.6,FishBase,FishBase (n=1),DB,FishBase (n=1),FishMorph,FishMorph,FishMorph,FishMorph,FishBase (n=1)
Siluriformes,Siluridae,Silurus,Silurus glanis,Sheatfish,273,19.8,elongated,0.632578,2.200068,0.4235434,0.1060038,0.57179471,8,FishBase,FishBase (n=1),FishBase,FishBase (n=1),FishMorph,FishMorph,FishMorph,FishMorph,FishBase (n=1)
Syngnathiformes,Syngnathidae,Syngnathus,Syngnathus abaster,Black-striped Pipefish ,21,2.916666667,eel-like,0.512,NA,0.6957337,NA,0.798288795,11.76,FishBase,DB using photo from FishBase (n=1),DB,DB using photo from FishBase (n=1),FishMorph,FishMorph,FishMorph,FishMorph,DB using photo from FishBase (n=1)
Salmoniformes,Salmonidae,Thymallus,Thymallus arcticus ,Arctic Grayling,76,18.1,fusiform,1.98211,2.729114,0.3012164,0.1499792,0.531716728,26.4,FishBase,FishBase (n=1),DB,FishBase (n=1),FishMorph,FishMorph,FishMorph,FishMorph,FishBase (n=1)
Cypriniformes,Cyprinidae,Tinca,Tinca tinca,Tench,82.18,29.8,fusiform,1.44886,1.720607,0.247652,0.1934677,0.519115068,14.05,FishBase (Converted SL to TL using equation on FishBase),FishBase (n=2),FishBase,FishBase (n=2),FishMorph,FishMorph,FishMorph,FishMorph,FishBase (n=2)
Esociformes,Umbridae,Umbra,Umbra limi,Central Mudminnow,14,17.4,fusiform,1.16499,1.796132,0.2402701,0.1633104,0.505221803,21.9,FishBase,FishBase (n=1),DB,FishBase (n=1),FishMorph,FishMorph,FishMorph,FishMorph,FishBase (n=1)
